workspace_id,usage_month,product_engagement_index,monthly_active_devs,data_stored_gb,storage_plan_cap_gb,api_calls
DEMO-001,2026-06-09,30,5,151.0,500,210390
DEMO-001,2026-07-09,46,8,202.2,500,322390
DEMO-001,2026-08-09,65,11,263.0,500,455390
DEMO-001,2026-09-09,91,16,346.2,500,637390
DEMO-002,2026-06-09,30,6,151.0,500,210780
DEMO-002,2026-07-09,46,9,202.2,500,322780
DEMO-002,2026-08-09,65,13,263.0,500,455780
DEMO-002,2026-09-09,91,19,346.2,500,637780
DEMO-003,2026-06-09,30,7,151.0,500,211170
DEMO-003,2026-07-09,46,11,202.2,500,323170
DEMO-003,2026-08-09,65,15,263.0,500,456170
DEMO-003,2026-09-09,91,21,346.2,500,638170
DEMO-004,2026-06-09,30,8,151.0,500,211560
DEMO-004,2026-07-09,46,12,202.2,500,323560
DEMO-004,2026-08-09,65,17,263.0,500,456560
DEMO-004,2026-09-09,91,24,346.2,500,638560
DEMO-005,2026-06-09,30,9,151.0,500,211950
DEMO-005,2026-07-09,46,13,202.2,500,323950
DEMO-005,2026-08-09,65,19,263.0,500,456950
DEMO-005,2026-09-09,91,27,346.2,500,638950
DEMO-006,2026-06-09,30,9,151.0,500,212340
DEMO-006,2026-07-09,46,15,202.2,500,324340
DEMO-006,2026-08-09,65,21,263.0,500,457340
DEMO-006,2026-09-09,91,30,346.2,500,639340
DEMO-007,2026-06-09,76,27,298.2,500,534730
DEMO-007,2026-07-09,73,26,288.6,500,513730
DEMO-007,2026-08-09,66,23,266.2,500,464730
DEMO-007,2026-09-09,55,19,231.0,500,387730
DEMO-008,2026-06-09,92,35,349.4,500,647120
DEMO-008,2026-07-09,71,27,282.2,500,500120
DEMO-008,2026-08-09,52,20,221.4,500,367120
DEMO-008,2026-09-09,29,11,147.8,500,206120
DEMO-009,2026-06-09,92,38,349.4,500,647510
DEMO-009,2026-07-09,71,29,282.2,500,500510
DEMO-009,2026-08-09,52,21,221.4,500,367510
DEMO-009,2026-09-09,29,12,147.8,500,206510
DEMO-011,2026-06-09,55,26,231.0,500,389290
DEMO-011,2026-07-09,56,26,234.2,500,396290
DEMO-011,2026-08-09,55,26,231.0,500,389290
DEMO-011,2026-09-09,56,26,234.2,500,396290
DEMO-012,2026-06-09,55,28,231.0,500,389680
DEMO-012,2026-07-09,56,28,234.2,500,396680
DEMO-012,2026-08-09,55,28,231.0,500,389680
DEMO-012,2026-09-09,56,28,234.2,500,396680
