customer_id,month,monthly_orders,feature_usage_score
SZ-STORE-0000,2026-03-03,45,73
SZ-STORE-0000,2026-04-02,52,75
SZ-STORE-0000,2026-05-02,139,77
SZ-STORE-0000,2026-06-01,114,88
SZ-STORE-0001,2026-03-03,31,74
SZ-STORE-0001,2026-04-02,44,79
SZ-STORE-0001,2026-05-02,33,78
SZ-STORE-0001,2026-06-01,16,92
SZ-STORE-0002,2026-03-03,23,36
SZ-STORE-0002,2026-04-02,32,38
SZ-STORE-0002,2026-05-02,37,48
SZ-STORE-0002,2026-06-01,24,51
SZ-STORE-0003,2026-03-03,55,26
SZ-STORE-0003,2026-04-02,61,26
SZ-STORE-0003,2026-05-02,112,26
SZ-STORE-0003,2026-06-01,103,26
SZ-STORE-0004,2026-03-03,54,81
SZ-STORE-0004,2026-04-02,45,85
SZ-STORE-0004,2026-05-02,87,91
SZ-STORE-0004,2026-06-01,92,90
SZ-STORE-0005,2026-03-03,40,74
SZ-STORE-0005,2026-04-02,17,71
SZ-STORE-0005,2026-05-02,23,64
SZ-STORE-0005,2026-06-01,34,68
SZ-STORE-0006,2026-03-03,8,60
SZ-STORE-0006,2026-04-02,12,56
SZ-STORE-0006,2026-05-02,7,50
SZ-STORE-0006,2026-06-01,8,42
SZ-STORE-0007,2026-03-03,73,65
SZ-STORE-0007,2026-04-02,103,67
SZ-STORE-0007,2026-05-02,106,73
SZ-STORE-0007,2026-06-01,91,71
SZ-STORE-0008,2026-03-03,32,60
SZ-STORE-0008,2026-04-02,19,66
SZ-STORE-0008,2026-05-02,36,66
SZ-STORE-0008,2026-06-01,20,69
SZ-STORE-0009,2026-03-03,21,59
SZ-STORE-0009,2026-04-02,15,57
SZ-STORE-0009,2026-05-02,18,47
SZ-STORE-0009,2026-06-01,23,47
SZ-STORE-0010,2026-03-03,68,50
SZ-STORE-0010,2026-04-02,115,48
SZ-STORE-0010,2026-05-02,111,38
SZ-STORE-0010,2026-06-01,65,41
SZ-STORE-0011,2026-03-03,39,69
SZ-STORE-0011,2026-04-02,35,72
SZ-STORE-0011,2026-05-02,22,75
SZ-STORE-0011,2026-06-01,24,84
SZ-STORE-0012,2026-03-03,17,83
SZ-STORE-0012,2026-04-02,23,77
SZ-STORE-0012,2026-05-02,26,71
SZ-STORE-0012,2026-06-01,19,71
SZ-STORE-0013,2026-03-03,3,51
SZ-STORE-0013,2026-04-02,8,46
SZ-STORE-0013,2026-05-02,5,43
SZ-STORE-0013,2026-06-01,4,39
SZ-STORE-0014,2026-03-03,6,27
SZ-STORE-0014,2026-04-02,9,27
SZ-STORE-0014,2026-05-02,14,27
SZ-STORE-0014,2026-06-01,16,27
SZ-STORE-0015,2026-03-03,18,52
SZ-STORE-0015,2026-04-02,14,49
SZ-STORE-0015,2026-05-02,13,46
SZ-STORE-0015,2026-06-01,20,34
SZ-STORE-0016,2026-03-03,83,91
SZ-STORE-0016,2026-04-02,61,96
SZ-STORE-0016,2026-05-02,72,95
SZ-STORE-0016,2026-06-01,58,100
SZ-STORE-0017,2026-03-03,77,62
SZ-STORE-0017,2026-04-02,69,68
SZ-STORE-0017,2026-05-02,50,74
SZ-STORE-0017,2026-06-01,100,77
SZ-STORE-0018,2026-03-03,27,51
SZ-STORE-0018,2026-04-02,14,51
SZ-STORE-0018,2026-05-02,12,51
SZ-STORE-0018,2026-06-01,11,51
SZ-STORE-0019,2026-03-03,47,25
SZ-STORE-0019,2026-04-02,94,27
SZ-STORE-0019,2026-05-02,96,35
SZ-STORE-0019,2026-06-01,56,43
SZ-STORE-0020,2026-03-03,13,36
SZ-STORE-0020,2026-04-02,22,42
SZ-STORE-0020,2026-05-02,18,46
SZ-STORE-0020,2026-06-01,23,51
SZ-STORE-0021,2026-03-03,71,68
SZ-STORE-0021,2026-04-02,47,70
SZ-STORE-0021,2026-05-02,35,80
SZ-STORE-0021,2026-06-01,43,80
SZ-STORE-0022,2026-03-03,32,27
SZ-STORE-0022,2026-04-02,61,25
SZ-STORE-0022,2026-05-02,63,19
SZ-STORE-0022,2026-06-01,57,18
SZ-STORE-0023,2026-03-03,39,38
SZ-STORE-0023,2026-04-02,74,44
SZ-STORE-0023,2026-05-02,79,44
SZ-STORE-0023,2026-06-01,33,53
SZ-STORE-0024,2026-03-03,12,77
SZ-STORE-0024,2026-04-02,25,80
SZ-STORE-0024,2026-05-02,21,89
SZ-STORE-0024,2026-06-01,13,95
SZ-STORE-0025,2026-03-03,60,94
SZ-STORE-0025,2026-04-02,63,97
SZ-STORE-0025,2026-05-02,62,100
SZ-STORE-0025,2026-06-01,49,100
SZ-STORE-0026,2026-03-03,70,49
SZ-STORE-0026,2026-04-02,70,46
SZ-STORE-0026,2026-05-02,61,43
SZ-STORE-0026,2026-06-01,44,37
SZ-STORE-0027,2026-03-03,54,80
SZ-STORE-0027,2026-04-02,28,83
SZ-STORE-0027,2026-05-02,24,84
SZ-STORE-0027,2026-06-01,49,98
SZ-STORE-0028,2026-03-03,86,71
SZ-STORE-0028,2026-04-02,75,67
SZ-STORE-0028,2026-05-02,99,65
SZ-STORE-0028,2026-06-01,44,56
SZ-STORE-0029,2026-03-03,24,29
SZ-STORE-0029,2026-04-02,23,35
SZ-STORE-0029,2026-05-02,16,35
SZ-STORE-0029,2026-06-01,16,38
SZ-STORE-0030,2026-03-03,56,45
SZ-STORE-0030,2026-04-02,77,45
SZ-STORE-0030,2026-05-02,29,45
SZ-STORE-0030,2026-06-01,43,45
SZ-STORE-0031,2026-03-03,28,84
SZ-STORE-0031,2026-04-02,36,87
SZ-STORE-0031,2026-05-02,37,88
SZ-STORE-0031,2026-06-01,44,90
SZ-STORE-0032,2026-03-03,55,48
SZ-STORE-0032,2026-04-02,58,52
SZ-STORE-0032,2026-05-02,72,54
SZ-STORE-0032,2026-06-01,65,54
SZ-STORE-0033,2026-03-03,13,26
SZ-STORE-0033,2026-04-02,11,26
SZ-STORE-0033,2026-05-02,10,26
SZ-STORE-0033,2026-06-01,13,26
SZ-STORE-0034,2026-03-03,54,58
SZ-STORE-0034,2026-04-02,58,58
SZ-STORE-0034,2026-05-02,27,58
SZ-STORE-0034,2026-06-01,61,58
SZ-STORE-0035,2026-03-03,63,72
SZ-STORE-0035,2026-04-02,38,75
SZ-STORE-0035,2026-05-02,55,80
SZ-STORE-0035,2026-06-01,34,78
SZ-STORE-0036,2026-03-03,45,70
SZ-STORE-0036,2026-04-02,126,74
SZ-STORE-0036,2026-05-02,71,78
SZ-STORE-0036,2026-06-01,92,85
SZ-STORE-0037,2026-03-03,39,93
SZ-STORE-0037,2026-04-02,45,88
SZ-STORE-0037,2026-05-02,50,89
SZ-STORE-0037,2026-06-01,19,75
SZ-STORE-0038,2026-03-03,10,38
SZ-STORE-0038,2026-04-02,14,43
SZ-STORE-0038,2026-05-02,16,44
SZ-STORE-0038,2026-06-01,8,44
SZ-STORE-0039,2026-03-03,48,57
SZ-STORE-0039,2026-04-02,41,57
SZ-STORE-0039,2026-05-02,48,57
SZ-STORE-0039,2026-06-01,52,57
SZ-STORE-0040,2026-03-03,36,34
SZ-STORE-0040,2026-04-02,27,36
SZ-STORE-0040,2026-05-02,27,40
SZ-STORE-0040,2026-06-01,42,43
SZ-STORE-0041,2026-03-03,12,94
SZ-STORE-0041,2026-04-02,21,99
SZ-STORE-0041,2026-05-02,21,100
SZ-STORE-0041,2026-06-01,20,100
SZ-STORE-0042,2026-03-03,91,61
SZ-STORE-0042,2026-04-02,100,65
SZ-STORE-0042,2026-05-02,43,69
SZ-STORE-0042,2026-06-01,93,70
SZ-STORE-0043,2026-03-03,3,45
SZ-STORE-0043,2026-04-02,7,49
SZ-STORE-0043,2026-05-02,6,49
SZ-STORE-0043,2026-06-01,3,57
SZ-STORE-0044,2026-03-03,4,53
SZ-STORE-0044,2026-04-02,3,56
SZ-STORE-0044,2026-05-02,9,57
SZ-STORE-0044,2026-06-01,3,68
SZ-STORE-0045,2026-03-03,27,56
SZ-STORE-0045,2026-04-02,50,61
SZ-STORE-0045,2026-05-02,72,62
SZ-STORE-0045,2026-06-01,54,68
SZ-STORE-0046,2026-03-03,56,40
SZ-STORE-0046,2026-04-02,85,40
SZ-STORE-0046,2026-05-02,103,40
SZ-STORE-0046,2026-06-01,77,40
SZ-STORE-0047,2026-03-03,29,92
SZ-STORE-0047,2026-04-02,23,89
SZ-STORE-0047,2026-05-02,33,80
SZ-STORE-0047,2026-06-01,26,74
SZ-STORE-0048,2026-03-03,87,70
SZ-STORE-0048,2026-04-02,95,70
SZ-STORE-0048,2026-05-02,89,70
SZ-STORE-0048,2026-06-01,53,70
SZ-STORE-0049,2026-03-03,114,56
SZ-STORE-0049,2026-04-02,93,58
SZ-STORE-0049,2026-05-02,62,60
SZ-STORE-0049,2026-06-01,41,71
