seller_id,reporting_month,monthly_gmv_usd,fba_storage_used_cbf,fba_storage_limit_cbf,fba_storage_utilization_pct,sponsored_ads_spend_usd,ads_acos_pct,return_rate_pct,order_defect_rate_pct
AMZ-0000,2026-02-02,73756,997.3,2000,49.9,4982.13,37.3,7.8,1.31
AMZ-0000,2026-03-04,72280,985.2,2000,49.3,14944.8,37.7,7.0,1.3
AMZ-0000,2026-04-03,70805,862.5,2000,43.1,4264.29,33.7,8.3,1.02
AMZ-0000,2026-05-03,69330,361.5,2000,18.1,5052.44,43.6,9.9,1.47
AMZ-0000,2026-06-02,67855,515.6,2000,25.8,5794.12,33.1,5.1,0.91
AMZ-0000,2026-07-02,66380,647.3,2000,32.4,3656.97,43.5,6.2,1.39
AMZ-0001,2026-02-02,238581,1288.0,2000,64.4,49533.84,31.1,12.3,2.79
AMZ-0001,2026-03-04,202793,652.2,2000,32.6,27911.25,40.0,16.3,2.43
AMZ-0001,2026-04-03,167006,804.3,2000,40.2,22845.43,43.4,13.1,1.88
AMZ-0001,2026-05-03,131219,231.0,2000,11.6,26729.67,42.4,12.3,2.45
AMZ-0001,2026-06-02,95432,1324.8,2000,66.2,6504.91,27.4,17.4,2.21
AMZ-0001,2026-07-02,59645,1144.8,2000,57.2,7494.71,32.1,12.9,2.28
AMZ-0002,2026-02-02,27382,964.5,2000,48.2,5489.61,26.9,15.3,2.97
AMZ-0002,2026-03-04,26012,1426.9,2000,71.3,2211.32,32.7,13.4,3.25
AMZ-0002,2026-04-03,24643,339.0,2000,17.0,4846.58,28.3,16.4,2.16
AMZ-0002,2026-05-03,23274,267.0,2000,13.4,2030.48,33.6,11.6,2.31
AMZ-0002,2026-06-02,21905,195.8,2000,9.8,1521.21,38.9,11.1,1.58
AMZ-0002,2026-07-02,20536,847.1,2000,42.4,3861.65,29.1,11.9,3.07
AMZ-0003,2026-02-02,104510,252.0,2000,12.6,5395.02,31.5,13.2,3.07
AMZ-0003,2026-03-04,96149,1484.9,2000,74.2,5754.75,26.3,17.4,2.08
AMZ-0003,2026-04-03,87788,312.7,2000,15.6,16218.48,40.7,14.8,3.03
AMZ-0003,2026-05-03,79427,1561.3,2000,78.1,15490.89,30.3,13.4,3.47
AMZ-0003,2026-06-02,71066,725.2,2000,36.3,11117.21,41.9,17.0,2.71
AMZ-0003,2026-07-02,62706,694.8,2000,34.7,10493.19,25.1,12.8,3.02
AMZ-0004,2026-02-02,184503,235.8,2000,11.8,31796.38,37.2,7.2,0.6
AMZ-0004,2026-03-04,180812,1113.8,2000,55.7,31958.16,29.0,8.2,0.57
AMZ-0004,2026-04-03,177122,449.1,2000,22.5,19643.79,40.6,6.4,1.39
AMZ-0004,2026-05-03,173432,1771.3,2000,88.6,13487.89,25.5,8.6,1.26
AMZ-0004,2026-06-02,169742,1631.6,2000,81.6,27891.87,40.6,6.8,0.6
AMZ-0004,2026-07-02,166052,1799.9,2000,90.0,25372.39,30.4,9.5,0.57
AMZ-0005,2026-02-02,29884,714.0,2000,35.7,2774.8,15.9,2.4,0.42
AMZ-0005,2026-03-04,32274,1568.9,2000,78.4,5269.03,16.2,4.7,0.21
AMZ-0005,2026-04-03,34665,1461.7,2000,73.1,6839.24,24.8,2.6,0.48
AMZ-0005,2026-05-03,37056,109.1,2000,5.5,7136.88,21.2,4.8,0.28
AMZ-0005,2026-06-02,39446,760.0,2000,38.0,8197.61,23.9,4.8,0.17
AMZ-0005,2026-07-02,41837,1637.5,2000,81.9,4847.27,19.2,2.3,0.1
AMZ-0006,2026-02-02,124368,1465.0,2000,73.2,7991.32,20.4,3.0,0.41
AMZ-0006,2026-03-04,130586,763.2,2000,38.2,13312.97,23.7,1.9,0.33
AMZ-0006,2026-04-03,136804,552.4,2000,27.6,8085.83,21.7,4.0,0.45
AMZ-0006,2026-05-03,143023,629.4,2000,31.5,20460.67,21.6,5.0,0.37
AMZ-0006,2026-06-02,149241,623.8,2000,31.2,29794.16,17.0,2.2,0.12
AMZ-0006,2026-07-02,155460,211.6,2000,10.6,28893.3,24.7,2.1,0.12
AMZ-0007,2026-02-02,73294,863.3,2000,43.2,15689.71,33.0,8.6,1.36
AMZ-0007,2026-03-04,71828,1308.9,2000,65.4,15056.38,26.5,9.2,0.72
AMZ-0007,2026-04-03,70362,846.8,2000,42.3,14749.08,43.5,8.5,0.71
AMZ-0007,2026-05-03,68896,160.6,2000,8.0,13462.48,35.5,9.9,0.55
AMZ-0007,2026-06-02,67430,800.0,2000,40.0,11753.81,34.4,6.9,1.16
AMZ-0007,2026-07-02,65964,1193.0,2000,59.7,7836.5,33.6,8.4,0.59
AMZ-0008,2026-02-02,71621,1216.1,2000,60.8,11421.7,40.6,8.3,0.8
AMZ-0008,2026-03-04,69830,967.2,2000,48.4,11870.02,30.7,9.2,1.03
AMZ-0008,2026-04-03,68039,1536.8,2000,76.8,14118.95,26.8,9.3,0.5
AMZ-0008,2026-05-03,66249,1086.6,2000,54.3,11300.2,35.4,8.0,1.16
AMZ-0008,2026-06-02,64458,271.9,2000,13.6,13198.43,29.9,9.0,1.05
AMZ-0008,2026-07-02,62668,150.1,2000,7.5,6289.61,40.1,6.9,1.24
AMZ-0009,2026-02-02,233496,437.8,2000,21.9,13249.76,26.0,5.5,1.3
AMZ-0009,2026-03-04,228826,1382.4,2000,69.1,37243.87,43.1,9.9,1.12
AMZ-0009,2026-04-03,224156,493.6,2000,24.7,25829.06,27.7,8.4,0.6
AMZ-0009,2026-05-03,219486,1692.0,2000,84.6,45792.11,40.1,9.4,1.3
AMZ-0009,2026-06-02,214816,945.8,2000,47.3,22255.28,37.1,9.2,1.29
AMZ-0009,2026-07-02,210146,1626.7,2000,81.3,33678.16,30.3,8.4,0.68
AMZ-0010,2026-02-02,41768,1274.5,2000,63.7,7138.15,27.9,17.5,1.78
AMZ-0010,2026-03-04,39679,1472.3,2000,73.6,3112.06,38.7,16.0,1.86
AMZ-0010,2026-04-03,37591,1048.9,2000,52.4,3470.94,44.1,11.5,3.47
AMZ-0010,2026-05-03,35502,950.2,2000,47.5,1806.73,28.1,12.8,2.85
AMZ-0010,2026-06-02,33414,1185.4,2000,59.3,2947.67,33.5,16.8,2.44
AMZ-0010,2026-07-02,31326,641.6,2000,32.1,4963.22,42.3,15.6,3.46
AMZ-0011,2026-02-02,131237,124.6,2000,6.2,7409.77,44.4,12.9,3.06
AMZ-0011,2026-03-04,111551,1750.1,2000,87.5,15974.3,38.5,14.5,2.96
AMZ-0011,2026-04-03,91865,1497.7,2000,74.9,15450.03,38.3,10.3,1.75
AMZ-0011,2026-05-03,72180,862.9,2000,43.1,13618.05,41.7,13.4,3.18
AMZ-0011,2026-06-02,52494,691.9,2000,34.6,8416.6,27.5,17.6,2.21
AMZ-0011,2026-07-02,32809,628.3,2000,31.4,2039.21,29.1,10.4,2.62
AMZ-0012,2026-02-02,150553,1119.9,2000,56.0,20719.11,19.0,3.2,0.42
AMZ-0012,2026-03-04,153564,411.9,2000,20.6,13653.45,22.0,4.1,0.15
AMZ-0012,2026-04-03,156575,224.5,2000,11.2,21394.97,18.8,2.2,0.14
AMZ-0012,2026-05-03,159586,305.8,2000,15.3,12724.59,15.8,1.7,0.43
AMZ-0012,2026-06-02,162597,1212.9,2000,60.6,20526.98,22.3,4.8,0.39
AMZ-0012,2026-07-02,165608,804.8,2000,40.2,10924.51,18.0,3.3,0.25
AMZ-0013,2026-02-02,236289,725.2,2000,36.3,14349.42,37.1,5.6,0.94
AMZ-0013,2026-03-04,231563,950.1,2000,47.5,12876.03,29.1,6.4,1.2
AMZ-0013,2026-04-03,226837,357.9,2000,17.9,34670.86,32.2,7.7,1.37
AMZ-0013,2026-05-03,222111,1146.6,2000,57.3,42761.67,29.2,6.2,0.98
AMZ-0013,2026-06-02,217385,476.8,2000,23.8,22405.09,40.5,6.0,0.98
AMZ-0013,2026-07-02,212660,662.4,2000,33.1,33280.28,34.3,9.6,0.94
AMZ-0014,2026-02-02,91921,1207.2,2000,60.4,18134.11,44.7,9.5,1.11
AMZ-0014,2026-03-04,90082,647.6,2000,32.4,13175.3,37.3,5.6,1.27
AMZ-0014,2026-04-03,88244,373.7,2000,18.7,10656.45,35.2,8.4,0.77
AMZ-0014,2026-05-03,86405,499.6,2000,25.0,8588.38,43.2,6.2,1.2
AMZ-0014,2026-06-02,84567,1473.6,2000,73.7,18283.76,36.7,7.7,0.87
AMZ-0014,2026-07-02,82728,1280.2,2000,64.0,17318.41,44.8,6.7,1.09
AMZ-0015,2026-02-02,51630,807.1,2000,40.4,3988.55,30.4,11.9,3.13
AMZ-0015,2026-03-04,45434,604.4,2000,30.2,6813.91,26.0,16.9,3.36
AMZ-0015,2026-04-03,39238,1405.4,2000,70.3,6038.3,25.5,11.3,2.17
AMZ-0015,2026-05-03,33043,1231.9,2000,61.6,2558.07,25.8,11.9,2.19
AMZ-0015,2026-06-02,26847,242.1,2000,12.1,5508.31,33.7,10.8,2.61
AMZ-0015,2026-07-02,20652,186.2,2000,9.3,3339.47,38.1,13.3,1.81
AMZ-0016,2026-02-02,191135,390.4,2000,19.5,34408.45,20.8,4.1,0.48
AMZ-0016,2026-03-04,206425,1146.3,2000,57.3,21231.9,19.3,3.6,0.47
AMZ-0016,2026-04-03,221716,344.3,2000,17.2,19710.69,22.4,4.3,0.3
AMZ-0016,2026-05-03,237007,1781.9,2000,89.1,35523.23,24.4,2.2,0.31
AMZ-0016,2026-06-02,252298,495.1,2000,24.8,51051.75,16.2,2.6,0.17
AMZ-0016,2026-07-02,267589,127.7,2000,6.4,46087.39,21.3,3.8,0.19
AMZ-0017,2026-02-02,182171,1448.0,2000,72.4,22481.06,39.4,16.9,3.08
AMZ-0017,2026-03-04,167597,527.5,2000,26.4,16844.01,29.7,11.2,1.91
AMZ-0017,2026-04-03,153023,423.2,2000,21.2,24824.77,42.9,13.3,2.1
AMZ-0017,2026-05-03,138449,930.1,2000,46.5,11288.75,31.5,10.6,2.59
AMZ-0017,2026-06-02,123876,262.9,2000,13.1,15689.03,25.5,12.1,1.75
AMZ-0017,2026-07-02,109302,1481.0,2000,74.1,19067.23,42.0,10.9,2.49
AMZ-0018,2026-02-02,106956,1546.9,2000,77.3,9544.05,18.6,4.7,0.2
AMZ-0018,2026-03-04,115512,1076.1,2000,53.8,7587.46,15.1,4.0,0.25
AMZ-0018,2026-04-03,124068,865.4,2000,43.3,14374.25,16.8,2.1,0.37
AMZ-0018,2026-05-03,132625,451.9,2000,22.6,16847.33,16.4,4.2,0.32
AMZ-0018,2026-06-02,141181,1352.6,2000,67.6,17338.81,18.8,2.4,0.33
AMZ-0018,2026-07-02,149738,1521.0,2000,76.0,32236.32,19.0,4.0,0.37
AMZ-0019,2026-02-02,16483,1772.4,2000,88.6,1455.9,21.0,2.0,0.34
AMZ-0019,2026-03-04,17307,856.2,2000,42.8,2963.89,18.2,4.0,0.36
AMZ-0019,2026-04-03,18131,672.5,2000,33.6,3934.67,15.5,1.6,0.15
AMZ-0019,2026-05-03,18955,560.5,2000,28.0,2531.63,21.7,3.8,0.16
AMZ-0019,2026-06-02,19779,1002.2,2000,50.1,1570.91,17.8,2.9,0.29
AMZ-0019,2026-07-02,20603,748.8,2000,37.4,2499.04,24.7,3.9,0.23
AMZ-0020,2026-02-02,50421,494.7,2000,24.7,9112.48,45.0,12.4,1.68
AMZ-0020,2026-03-04,47899,722.9,2000,36.1,10248.5,30.6,16.1,2.59
AMZ-0020,2026-04-03,45378,918.3,2000,45.9,2579.63,29.8,13.7,2.36
AMZ-0020,2026-05-03,42857,275.0,2000,13.8,5744.34,43.2,15.0,2.74
AMZ-0020,2026-06-02,40336,1434.9,2000,71.7,8714.83,27.6,11.5,1.54
AMZ-0020,2026-07-02,37815,1731.0,2000,86.6,2356.19,35.8,13.8,2.75
AMZ-0021,2026-02-02,91299,651.3,2000,32.6,10653.5,21.3,2.2,0.35
AMZ-0021,2026-03-04,95863,1505.1,2000,75.3,5362.09,21.8,4.6,0.35
AMZ-0021,2026-04-03,100428,608.8,2000,30.4,19718.05,17.9,3.4,0.26
AMZ-0021,2026-05-03,104993,314.9,2000,15.7,7973.89,24.5,3.7,0.48
AMZ-0021,2026-06-02,109558,280.8,2000,14.0,13636.03,15.6,4.1,0.25
AMZ-0021,2026-07-02,114123,1388.4,2000,69.4,16659.53,21.5,2.9,0.39
AMZ-0022,2026-02-02,211437,1214.7,2000,60.7,16728.46,28.9,8.8,1.36
AMZ-0022,2026-03-04,207208,615.3,2000,30.8,24871.27,33.9,8.1,0.7
AMZ-0022,2026-04-03,202979,662.0,2000,33.1,41982.7,36.7,8.8,0.75
AMZ-0022,2026-05-03,198750,1164.4,2000,58.2,22408.7,36.7,5.8,1.0
AMZ-0022,2026-06-02,194522,210.4,2000,10.5,14120.1,37.8,8.7,1.17
AMZ-0022,2026-07-02,190293,768.7,2000,38.4,25463.69,29.2,6.6,0.71
AMZ-0023,2026-02-02,74842,1583.3,2000,79.2,5357.54,30.0,11.1,2.66
AMZ-0023,2026-03-04,68854,750.2,2000,37.5,12206.01,43.4,10.5,3.44
AMZ-0023,2026-04-03,62867,1107.3,2000,55.4,10688.16,43.0,17.6,2.84
AMZ-0023,2026-05-03,56879,519.7,2000,26.0,11187.27,31.8,11.6,2.28
AMZ-0023,2026-06-02,50892,1056.0,2000,52.8,10410.74,35.8,12.5,3.05
AMZ-0023,2026-07-02,44905,1764.0,2000,88.2,7535.82,41.8,13.4,2.15
AMZ-0024,2026-02-02,108787,414.7,2000,20.7,13529.09,31.8,13.7,3.06
AMZ-0024,2026-03-04,103347,286.7,2000,14.3,13911.46,37.5,15.6,2.3
AMZ-0024,2026-04-03,97908,378.3,2000,18.9,20738.09,27.6,15.2,3.26
AMZ-0024,2026-05-03,92468,511.5,2000,25.6,16438.18,33.8,10.3,2.51
AMZ-0024,2026-06-02,87029,910.9,2000,45.5,12527.99,38.8,15.9,2.5
AMZ-0024,2026-07-02,81590,913.9,2000,45.7,17759.89,37.4,10.9,1.72
AMZ-0025,2026-02-02,31661,1540.5,2000,77.0,5141.08,26.4,17.3,2.67
AMZ-0025,2026-03-04,27861,492.7,2000,24.6,4025.38,30.0,12.0,1.67
AMZ-0025,2026-04-03,24062,1749.8,2000,87.5,4340.44,31.1,11.9,1.51
AMZ-0025,2026-05-03,20263,537.1,2000,26.9,4173.42,44.4,10.9,2.53
AMZ-0025,2026-06-02,16463,630.1,2000,31.5,3072.19,39.0,15.7,1.66
AMZ-0025,2026-07-02,12664,1239.8,2000,62.0,1752.93,40.9,13.2,2.24
AMZ-0026,2026-02-02,102660,1562.3,2000,78.1,8786.55,19.4,1.6,0.41
AMZ-0026,2026-03-04,114979,193.7,2000,9.7,7859.12,24.0,2.9,0.31
AMZ-0026,2026-04-03,127298,1289.0,2000,64.5,21888.81,15.1,3.4,0.37
AMZ-0026,2026-05-03,139617,1735.4,2000,86.8,24252.38,16.5,4.8,0.44
AMZ-0026,2026-06-02,151936,1064.0,2000,53.2,23689.52,20.8,3.9,0.44
AMZ-0026,2026-07-02,164256,207.0,2000,10.3,34418.94,19.5,4.5,0.21
AMZ-0027,2026-02-02,146434,545.1,2000,27.3,23894.14,41.0,13.7,1.75
AMZ-0027,2026-03-04,139112,889.8,2000,44.5,10216.23,44.8,15.0,2.57
AMZ-0027,2026-04-03,131790,1111.2,2000,55.6,13520.49,39.8,17.2,3.27
AMZ-0027,2026-05-03,124468,1175.6,2000,58.8,24627.35,36.5,12.3,1.9
AMZ-0027,2026-06-02,117147,481.2,2000,24.1,18762.11,31.3,10.7,3.25
AMZ-0027,2026-07-02,109825,521.7,2000,26.1,12868.31,39.0,12.5,2.57
AMZ-0028,2026-02-02,154861,1237.1,2000,61.9,22229.89,20.5,1.6,0.31
AMZ-0028,2026-03-04,167249,846.7,2000,42.3,11984.62,19.8,3.0,0.49
AMZ-0028,2026-04-03,179638,1774.3,2000,88.7,31052.24,16.2,4.6,0.16
AMZ-0028,2026-05-03,192027,521.4,2000,26.1,12837.84,24.6,3.5,0.21
AMZ-0028,2026-06-02,204416,332.7,2000,16.6,42454.63,19.4,1.8,0.47
AMZ-0028,2026-07-02,216805,1585.9,2000,79.3,38474.16,23.9,2.9,0.27
AMZ-0029,2026-02-02,229590,545.3,2000,27.3,44436.01,30.9,15.4,1.93
AMZ-0029,2026-03-04,218110,221.2,2000,11.1,18984.37,38.6,14.1,2.87
AMZ-0029,2026-04-03,206631,323.4,2000,16.2,16812.35,26.6,12.9,1.97
AMZ-0029,2026-05-03,195151,1716.8,2000,85.8,36773.57,40.0,10.1,2.51
AMZ-0029,2026-06-02,183672,113.1,2000,5.7,31545.95,33.8,11.4,2.09
AMZ-0029,2026-07-02,172192,609.0,2000,30.4,36549.05,26.1,17.2,3.46
AMZ-0030,2026-02-02,246678,483.6,2000,24.2,48196.03,18.6,4.4,0.16
AMZ-0030,2026-03-04,276279,1776.2,2000,88.8,55760.28,22.5,4.4,0.33
AMZ-0030,2026-04-03,305880,428.8,2000,21.4,39199.3,16.7,4.3,0.16
AMZ-0030,2026-05-03,335482,346.9,2000,17.3,71674.48,20.5,3.4,0.31
AMZ-0030,2026-06-02,365083,980.9,2000,49.0,21928.99,15.9,3.1,0.29
AMZ-0030,2026-07-02,394684,1494.9,2000,74.7,84714.18,23.4,3.3,0.17
AMZ-0031,2026-02-02,125538,259.8,2000,13.0,24311.36,44.6,8.0,0.71
AMZ-0031,2026-03-04,122399,1179.4,2000,59.0,18614.86,31.9,7.5,0.52
AMZ-0031,2026-04-03,119261,409.0,2000,20.4,10019.1,30.8,5.9,0.52
AMZ-0031,2026-05-03,116122,1541.8,2000,77.1,11996.59,34.9,9.9,1.04
AMZ-0031,2026-06-02,112984,1323.0,2000,66.1,21727.42,41.1,8.8,1.3
AMZ-0031,2026-07-02,109845,902.0,2000,45.1,11567.07,26.5,6.0,1.17
AMZ-0032,2026-02-02,21026,605.3,2000,30.3,4469.28,38.2,10.3,3.2
AMZ-0032,2026-03-04,19343,1300.3,2000,65.0,3944.65,41.4,17.6,2.46
AMZ-0032,2026-04-03,17661,477.1,2000,23.9,3449.36,27.4,14.4,2.25
AMZ-0032,2026-05-03,15979,276.4,2000,13.8,1315.67,25.9,14.2,3.16
AMZ-0032,2026-06-02,14297,1552.8,2000,77.6,2599.95,43.5,11.6,2.02
AMZ-0032,2026-07-02,12615,586.5,2000,29.3,2043.81,38.5,14.7,1.51
AMZ-0033,2026-02-02,161619,839.6,2000,42.0,10330.39,18.3,2.9,0.49
AMZ-0033,2026-03-04,174548,1610.5,2000,80.5,25779.7,18.5,2.6,0.29
AMZ-0033,2026-04-03,187478,1401.8,2000,70.1,25131.73,16.5,4.1,0.17
AMZ-0033,2026-05-03,200407,257.3,2000,12.9,24739.86,15.9,2.2,0.39
AMZ-0033,2026-06-02,213337,1294.7,2000,64.7,40930.61,24.1,5.0,0.34
AMZ-0033,2026-07-02,226266,1676.0,2000,83.8,15194.38,18.1,2.8,0.4
AMZ-0034,2026-02-02,164697,624.2,2000,31.2,12957.78,19.8,4.5,0.12
AMZ-0034,2026-03-04,172931,588.4,2000,29.4,20088.77,21.5,3.4,0.24
AMZ-0034,2026-04-03,181166,244.9,2000,12.2,17057.39,15.7,2.3,0.31
AMZ-0034,2026-05-03,189401,1631.0,2000,81.5,40011.37,21.9,3.1,0.12
AMZ-0034,2026-06-02,197636,582.7,2000,29.1,39575.64,20.5,2.5,0.17
AMZ-0034,2026-07-02,205871,423.7,2000,21.2,38037.03,24.3,3.1,0.26
AMZ-0035,2026-02-02,20068,1667.4,2000,83.4,2420.76,35.0,17.9,2.07
AMZ-0035,2026-03-04,18462,1317.4,2000,65.9,1542.5,27.7,15.0,2.89
AMZ-0035,2026-04-03,16857,730.8,2000,36.5,3321.48,44.7,17.0,3.44
AMZ-0035,2026-05-03,15251,179.6,2000,9.0,2421.96,37.6,14.7,3.31
AMZ-0035,2026-06-02,13646,654.5,2000,32.7,1124.27,39.0,17.3,2.97
AMZ-0035,2026-07-02,12040,524.9,2000,26.2,1186.54,35.8,16.9,3.26
AMZ-0036,2026-02-02,73917,1268.7,2000,63.4,13294.23,32.0,15.9,2.9
AMZ-0036,2026-03-04,65046,1388.4,2000,69.4,8655.52,26.1,14.9,1.7
AMZ-0036,2026-04-03,56176,744.4,2000,37.2,4147.15,42.4,17.7,3.33
AMZ-0036,2026-05-03,47306,216.7,2000,10.8,4673.87,27.5,17.7,2.21
AMZ-0036,2026-06-02,38436,1733.9,2000,86.7,6024.78,39.1,15.0,2.83
AMZ-0036,2026-07-02,29566,465.1,2000,23.3,1866.65,27.2,17.4,2.81
AMZ-0037,2026-02-02,29335,1727.0,2000,86.4,2335.01,24.1,2.3,0.5
AMZ-0037,2026-03-04,32855,989.1,2000,49.5,2645.64,21.5,1.5,0.48
AMZ-0037,2026-04-03,36375,1781.0,2000,89.0,6632.37,17.5,1.6,0.39
AMZ-0037,2026-05-03,39895,1632.3,2000,81.6,5237.84,18.8,2.1,0.12
AMZ-0037,2026-06-02,43415,829.5,2000,41.5,3918.33,20.2,4.3,0.34
AMZ-0037,2026-07-02,46936,210.2,2000,10.5,7407.22,20.4,1.6,0.39
AMZ-0038,2026-02-02,38230,362.3,2000,18.1,7644.04,39.2,9.1,0.91
AMZ-0038,2026-03-04,37465,192.4,2000,9.6,3327.92,37.6,5.1,0.89
AMZ-0038,2026-04-03,36700,1528.8,2000,76.4,3016.42,35.3,9.3,0.58
AMZ-0038,2026-05-03,35936,603.2,2000,30.2,2130.12,34.4,7.7,0.96
AMZ-0038,2026-06-02,35171,629.6,2000,31.5,2309.63,33.4,8.7,0.73
AMZ-0038,2026-07-02,34407,1118.1,2000,55.9,4200.39,35.0,6.9,0.85
AMZ-0039,2026-02-02,107785,1189.0,2000,59.5,19200.95,23.3,2.8,0.13
AMZ-0039,2026-03-04,109940,982.4,2000,49.1,15548.05,18.2,3.2,0.33
AMZ-0039,2026-04-03,112096,229.5,2000,11.5,12154.51,15.3,3.0,0.4
AMZ-0039,2026-05-03,114252,738.8,2000,36.9,14465.18,17.8,4.2,0.25
AMZ-0039,2026-06-02,116407,1487.8,2000,74.4,15395.79,17.3,3.1,0.36
AMZ-0039,2026-07-02,118563,237.1,2000,11.9,12275.68,17.0,1.8,0.18
