ticket_id,customer_id,created_at,category,subject,resolved
SZ-TCK-00001,SZ-STORE-0000,2026-06-28,returns,Unit war with still top nor.,True
SZ-TCK-00002,SZ-STORE-0001,2026-05-01,billing,Half data up election ahead.,True
SZ-TCK-00003,SZ-STORE-0003,2026-05-26,returns,Outside myself on me between.,True
SZ-TCK-00004,SZ-STORE-0004,2026-07-09,delivery,Include keep entire exist wife.,False
SZ-TCK-00005,SZ-STORE-0011,2026-07-07,returns,Former key Mrs father people Mrs drive.,True
SZ-TCK-00006,SZ-STORE-0014,2026-07-03,stock_shortage,Per response anyone together.,False
SZ-TCK-00007,SZ-STORE-0017,2026-05-18,delivery,Early ago well matter.,True
SZ-TCK-00008,SZ-STORE-0022,2026-06-17,billing,Light month job within.,False
SZ-TCK-00009,SZ-STORE-0027,2026-07-08,billing,Mrs quality boy really season choice.,True
SZ-TCK-00010,SZ-STORE-0029,2026-07-11,returns,Have employee town face front well room receive.,False
SZ-TCK-00011,SZ-STORE-0036,2026-06-16,billing,Family home popular again various brother full.,True
SZ-TCK-00012,SZ-STORE-0039,2026-06-10,returns,Stage American admit administration option increase adult.,True
SZ-TCK-00013,SZ-STORE-0044,2026-06-07,billing,Sign order rest southern pattern worry.,False
SZ-TCK-00014,SZ-STORE-0046,2026-05-29,returns,Person piece husband write.,False
SZ-TCK-00015,SZ-STORE-0047,2026-07-19,billing,Reach card nor song.,True
