plant_code,request_type,description,logged_on,closed_flag
IF-0000,technical,Professional week blue opportunity catch them player.,2026-07-17,False
IF-0001,safety,Manage choose there improve blue adult send.,2026-05-01,False
IF-0003,billing,For mind player candidate under adult each.,2026-06-06,True
IF-0004,parts_order,Her year happy.,2026-06-09,False
IF-0007,safety,Husband daughter cut hour.,2026-06-27,True
IF-0011,safety,Nature become federal these.,2026-07-18,False
IF-0012,billing,Thus way pattern Mr without box news.,2026-06-04,True
IF-0014,billing,Give list particular.,2026-05-24,True
IF-0016,parts_order,Later purpose war leader scientist yes.,2026-05-29,False
IF-0019,safety,Husband cause understand office institution they company.,2026-07-07,False
