plant_code,reporting_month,equipment_uptime_pct,active_machines_operating,downtime_hours,output_units_produced,maintenance_spend_usd
IF-0000,2026-03-03,89,30,26.2,2402,5955.09
IF-0000,2026-04-02,85,43,50.4,8864,14714.69
IF-0000,2026-05-02,87,47,35.5,2276,1442.42
IF-0000,2026-06-01,77,28,27.7,3795,4050.31
IF-0001,2026-03-03,80,11,45.7,25346,4318.2
IF-0001,2026-04-02,76,10,4.9,1770,11285.56
IF-0001,2026-05-02,78,16,21.0,4996,11762.25
IF-0001,2026-06-01,77,14,57.0,13565,12620.59
IF-0002,2026-03-03,89,68,40.2,37460,14226.8
IF-0002,2026-04-02,85,102,46.0,11496,9167.21
IF-0002,2026-05-02,87,107,9.8,20884,1799.86
IF-0002,2026-06-01,86,116,34.5,25096,6070.49
IF-0003,2026-03-03,92,139,49.8,16415,1708.14
IF-0003,2026-04-02,89,161,36.0,8433,11984.16
IF-0003,2026-05-02,90,117,25.7,24785,1220.56
IF-0003,2026-06-01,83,88,25.2,32625,1761.98
IF-0004,2026-03-03,81,61,44.0,18200,9315.5
IF-0004,2026-04-02,85,62,49.5,39328,4172.25
IF-0004,2026-05-02,85,78,5.2,30043,3809.18
IF-0004,2026-06-01,93,67,40.1,22546,624.76
IF-0005,2026-03-03,97,99,21.3,17431,5237.01
IF-0005,2026-04-02,97,104,31.0,13021,1467.07
IF-0005,2026-05-02,97,99,45.5,31701,9759.36
IF-0005,2026-06-01,97,97,1.0,19783,3479.63
IF-0006,2026-03-03,92,99,22.1,36772,8057.64
IF-0006,2026-04-02,88,118,33.0,23556,10602.25
IF-0006,2026-05-02,86,77,13.8,13121,4870.11
IF-0006,2026-06-01,86,70,44.3,18620,10923.86
IF-0007,2026-03-03,94,118,50.0,19914,3566.75
IF-0007,2026-04-02,96,78,42.5,8795,4259.81
IF-0007,2026-05-02,96,93,41.8,8775,9640.47
IF-0007,2026-06-01,100,66,0.7,19134,7147.07
IF-0008,2026-03-03,84,216,15.1,31808,1888.49
IF-0008,2026-04-02,84,154,4.4,4013,2445.56
IF-0008,2026-05-02,84,119,14.9,37073,11513.76
IF-0008,2026-06-01,84,195,22.8,29514,4600.83
IF-0009,2026-03-03,88,101,3.6,7003,14224.33
IF-0009,2026-04-02,90,104,15.9,5820,2524.44
IF-0009,2026-05-02,92,100,9.4,27272,6867.45
IF-0009,2026-06-01,100,83,13.9,19028,10604.22
IF-0010,2026-03-03,84,112,47.3,39152,9985.51
IF-0010,2026-04-02,82,83,32.7,10264,13644.49
IF-0010,2026-05-02,80,62,10.0,20659,9006.65
IF-0010,2026-06-01,75,84,28.1,20428,10556.06
IF-0011,2026-03-03,78,46,35.9,28813,11071.1
IF-0011,2026-04-02,81,33,13.7,38196,8889.42
IF-0011,2026-05-02,80,64,40.3,18162,8728.46
IF-0011,2026-06-01,84,47,39.1,18729,2886.04
IF-0012,2026-03-03,88,140,28.2,27261,5132.96
IF-0012,2026-04-02,89,132,19.8,32971,4465.62
IF-0012,2026-05-02,96,129,33.0,30307,1503.28
IF-0012,2026-06-01,97,94,58.2,26988,13000.68
IF-0013,2026-03-03,96,45,11.3,24209,9414.98
IF-0013,2026-04-02,92,52,45.6,13840,4152.43
IF-0013,2026-05-02,92,61,26.3,32266,1997.11
IF-0013,2026-06-01,90,54,18.6,1396,8373.32
IF-0014,2026-03-03,72,135,7.0,10590,7575.96
IF-0014,2026-04-02,69,139,16.4,32121,14707.62
IF-0014,2026-05-02,68,134,8.7,12991,13843.65
IF-0014,2026-06-01,66,172,16.6,27693,5230.15
IF-0015,2026-03-03,95,99,17.0,20066,12594.64
IF-0015,2026-04-02,99,101,26.8,32241,5307.83
IF-0015,2026-05-02,100,79,19.3,12863,14715.46
IF-0015,2026-06-01,100,85,14.0,27420,845.98
IF-0016,2026-03-03,93,76,39.8,10468,7530.86
IF-0016,2026-04-02,94,62,57.9,22257,13071.56
IF-0016,2026-05-02,100,61,54.6,1505,10892.17
IF-0016,2026-06-01,100,103,58.2,5403,7148.46
IF-0017,2026-03-03,78,85,51.1,35471,5824.14
IF-0017,2026-04-02,78,84,53.2,32478,13111.27
IF-0017,2026-05-02,78,84,14.1,19333,14961.9
IF-0017,2026-06-01,78,74,5.9,7086,6766.44
IF-0018,2026-03-03,92,104,47.8,19726,5505.26
IF-0018,2026-04-02,92,114,31.9,37588,10290.65
IF-0018,2026-05-02,92,116,4.7,25570,9371.71
IF-0018,2026-06-01,92,149,35.0,15716,7025.02
IF-0019,2026-03-03,78,5,53.9,30990,13537.9
IF-0019,2026-04-02,80,3,56.7,39007,4627.48
IF-0019,2026-05-02,86,5,27.4,20299,3148.41
IF-0019,2026-06-01,90,5,6.4,25493,8664.46
IF-0020,2026-03-03,88,111,49.8,26439,4262.31
IF-0020,2026-04-02,88,208,44.7,19256,11680.97
IF-0020,2026-05-02,88,175,21.1,12960,9389.19
IF-0020,2026-06-01,88,177,54.2,3083,4772.21
IF-0021,2026-03-03,84,167,5.4,19840,5035.44
IF-0021,2026-04-02,80,113,7.9,35850,13171.62
IF-0021,2026-05-02,78,147,54.8,11283,4003.16
IF-0021,2026-06-01,72,189,17.7,22698,12102.64
