account_ref,activity_month,crm_adoption_score,active_reps_logged_in,pipeline_records_stored,pipeline_storage_cap,emails_synced
NS-0000,2026-03-03,34,201,3696,8000,3076
NS-0000,2026-04-02,38,167,5862,8000,2327
NS-0000,2026-05-02,46,148,7351,8000,10028
NS-0000,2026-06-01,43,173,7646,8000,5904
NS-0001,2026-03-03,71,67,1696,8000,4750
NS-0001,2026-04-02,74,144,265,8000,12025
NS-0001,2026-05-02,83,119,3878,8000,18276
NS-0001,2026-06-01,80,124,756,8000,2354
NS-0002,2026-03-03,64,123,6350,8000,13616
NS-0002,2026-04-02,70,67,2647,8000,2630
NS-0002,2026-05-02,74,116,4288,8000,11489
NS-0002,2026-06-01,73,168,6441,8000,18265
NS-0003,2026-03-03,48,139,7162,8000,2015
NS-0003,2026-04-02,46,141,2541,8000,5595
NS-0003,2026-05-02,42,113,5860,8000,7588
NS-0003,2026-06-01,36,203,4300,8000,9507
NS-0004,2026-03-03,35,202,4562,8000,9193
NS-0004,2026-04-02,35,200,5083,8000,17681
NS-0004,2026-05-02,35,177,1431,8000,19592
NS-0004,2026-06-01,35,113,5446,8000,11263
NS-0005,2026-03-03,30,56,5304,8000,19099
NS-0005,2026-04-02,26,124,6332,8000,18947
NS-0005,2026-05-02,20,120,298,8000,16519
NS-0005,2026-06-01,12,83,7886,8000,10099
NS-0006,2026-03-03,86,110,647,8000,2163
NS-0006,2026-04-02,83,130,4016,8000,15418
NS-0006,2026-05-02,80,116,1226,8000,10442
NS-0006,2026-06-01,74,173,7101,8000,11517
NS-0007,2026-03-03,76,147,919,8000,10656
NS-0007,2026-04-02,73,140,2241,8000,14932
NS-0007,2026-05-02,70,91,464,8000,9709
NS-0007,2026-06-01,61,200,3475,8000,8335
NS-0008,2026-03-03,45,174,1605,8000,5421
NS-0008,2026-04-02,45,215,3874,8000,16543
NS-0008,2026-05-02,45,141,787,8000,13085
NS-0008,2026-06-01,45,135,2022,8000,7249
NS-0009,2026-03-03,70,20,4944,8000,15620
NS-0009,2026-04-02,66,27,6990,8000,3722
NS-0009,2026-05-02,60,16,2216,8000,12185
NS-0009,2026-06-01,55,23,3331,8000,1876
NS-0010,2026-03-03,49,130,3214,8000,16723
NS-0010,2026-04-02,49,212,2341,8000,4093
NS-0010,2026-05-02,49,249,3276,8000,12428
NS-0010,2026-06-01,49,176,3045,8000,4927
NS-0011,2026-03-03,50,43,379,8000,1684
NS-0011,2026-04-02,52,30,2778,8000,15723
NS-0011,2026-05-02,62,46,5016,8000,17092
NS-0011,2026-06-01,59,40,5072,8000,10637
NS-0012,2026-03-03,45,17,2501,8000,19655
NS-0012,2026-04-02,49,13,4225,8000,17643
NS-0012,2026-05-02,55,16,2505,8000,15761
NS-0012,2026-06-01,51,11,5569,8000,3791
NS-0013,2026-03-03,78,157,5991,8000,1073
NS-0013,2026-04-02,84,116,7972,8000,19155
NS-0013,2026-05-02,90,85,470,8000,19320
NS-0013,2026-06-01,93,78,5202,8000,12658
NS-0014,2026-03-03,43,14,5788,8000,3801
NS-0014,2026-04-02,40,6,2619,8000,13922
NS-0014,2026-05-02,37,11,1720,8000,13647
NS-0014,2026-06-01,25,16,7590,8000,15653
NS-0015,2026-03-03,32,84,2712,8000,15875
NS-0015,2026-04-02,26,105,7887,8000,5874
NS-0015,2026-05-02,22,173,2854,8000,18100
NS-0015,2026-06-01,20,143,7157,8000,8862
NS-0016,2026-03-03,86,143,2495,8000,7568
NS-0016,2026-04-02,82,238,5824,8000,6992
NS-0016,2026-05-02,76,150,2907,8000,18566
NS-0016,2026-06-01,74,145,4747,8000,17999
NS-0017,2026-03-03,73,151,6641,8000,4999
NS-0017,2026-04-02,77,54,7875,8000,2789
NS-0017,2026-05-02,81,148,5423,8000,8603
NS-0017,2026-06-01,88,72,6832,8000,17848
NS-0018,2026-03-03,59,7,5093,8000,19429
NS-0018,2026-04-02,62,8,5537,8000,17601
NS-0018,2026-05-02,65,12,480,8000,3483
NS-0018,2026-06-01,74,9,3919,8000,3494
NS-0019,2026-03-03,42,273,1343,8000,13533
NS-0019,2026-04-02,37,178,1683,8000,9612
NS-0019,2026-05-02,34,141,534,8000,3131
NS-0019,2026-06-01,24,131,6101,8000,1422
NS-0020,2026-03-03,47,211,347,8000,13208
NS-0020,2026-04-02,52,98,6185,8000,9685
NS-0020,2026-05-02,51,71,4702,8000,19951
NS-0020,2026-06-01,53,210,2794,8000,9524
NS-0021,2026-03-03,83,158,7738,8000,4597
NS-0021,2026-04-02,89,154,1629,8000,3891
NS-0021,2026-05-02,91,103,3809,8000,8630
NS-0021,2026-06-01,92,79,2811,8000,9867
