account_ref,ticket_type,subject,created_on,status_closed
NS-0002,training,Act region team safe.,2026-05-06,False
NS-0004,billing,Serve company between Republican manage green down.,2026-05-02,True
NS-0005,security,Natural smile until huge say paper.,2026-06-15,True
NS-0006,integration,Into Mrs lot senior tax question.,2026-05-30,False
NS-0007,billing,Develop defense final others.,2026-05-14,True
NS-0008,billing,Arrive stop together job.,2026-06-26,False
NS-0009,training,Ago security hospital attorney bar.,2026-07-06,False
NS-0016,security,Executive same edge college month sport.,2026-06-28,False
NS-0017,integration,Sometimes line say.,2026-05-29,True
NS-0019,security,Leader miss hit drop.,2026-05-19,False
