store_id,complaint_type,notes,filed_on,resolved
BM-0000,billing,Ago forward action loss everybody.,2026-06-10,False
BM-0004,billing,Deal door room sell.,2026-05-27,True
BM-0006,delivery,Green minute throw budget keep practice.,2026-07-24,False
BM-0007,billing,In explain possible down suffer senior.,2026-05-03,False
BM-0009,delivery,Method three green Mr.,2026-07-21,True
BM-0011,returns,Myself sign listen live speech most power site.,2026-04-30,False
BM-0013,billing,Memory despite hope chair perhaps send television.,2026-07-09,False
BM-0015,billing,Agree thank start reach.,2026-07-01,False
BM-0017,returns,Space cut smile product military.,2026-06-17,False
BM-0019,technical,Response day read economic leg fish peace.,2026-05-05,True
BM-0021,delivery,Source forget drop worker card amount around difference.,2026-05-04,True
