store_id,sales_month,foot_traffic_index,active_terminals_in_use,inventory_on_hand_units,inventory_capacity_units,avg_basket_size_usd
BM-0000,2026-03-03,80,2,1220,20000,19.79
BM-0000,2026-04-02,85,3,14168,20000,99.82
BM-0000,2026-05-02,90,3,14734,20000,21.41
BM-0000,2026-06-01,86,2,5060,20000,20.41
BM-0001,2026-03-03,47,18,19775,20000,79.91
BM-0001,2026-04-02,52,21,14296,20000,24.69
BM-0001,2026-05-02,51,27,18266,20000,104.27
BM-0001,2026-06-01,56,19,7687,20000,64.97
BM-0002,2026-03-03,82,5,3315,20000,52.01
BM-0002,2026-04-02,86,6,12465,20000,134.06
BM-0002,2026-05-02,92,3,2997,20000,23.93
BM-0002,2026-06-01,88,6,12410,20000,115.91
BM-0003,2026-03-03,65,47,13661,20000,57.26
BM-0003,2026-04-02,60,54,1885,20000,135.96
BM-0003,2026-05-02,57,36,19137,20000,76.95
BM-0003,2026-06-01,56,46,7548,20000,120.45
BM-0004,2026-03-03,52,12,9328,20000,85.48
BM-0004,2026-04-02,57,24,18443,20000,15.36
BM-0004,2026-05-02,60,11,9154,20000,101.95
BM-0004,2026-06-01,64,25,11702,20000,12.78
BM-0005,2026-03-03,85,24,1204,20000,23.74
BM-0005,2026-04-02,82,35,15065,20000,55.63
BM-0005,2026-05-02,77,32,10829,20000,111.43
BM-0005,2026-06-01,79,52,5298,20000,32.15
BM-0006,2026-03-03,69,8,14094,20000,74.16
BM-0006,2026-04-02,64,9,7263,20000,108.63
BM-0006,2026-05-02,65,9,3833,20000,48.26
BM-0006,2026-06-01,54,10,10306,20000,17.81
BM-0007,2026-03-03,55,1,10076,20000,133.0
BM-0007,2026-04-02,58,2,9684,20000,54.0
BM-0007,2026-05-02,59,2,14311,20000,34.49
BM-0007,2026-06-01,70,2,7740,20000,76.03
BM-0008,2026-03-03,83,6,1586,20000,67.84
BM-0008,2026-04-02,83,9,10458,20000,85.7
BM-0008,2026-05-02,83,8,13886,20000,49.06
BM-0008,2026-06-01,83,4,10842,20000,34.0
BM-0009,2026-03-03,90,49,12057,20000,23.28
BM-0009,2026-04-02,92,30,19496,20000,63.26
BM-0009,2026-05-02,94,35,10367,20000,107.46
BM-0009,2026-06-01,99,32,5709,20000,21.78
BM-0010,2026-03-03,70,14,11648,20000,56.94
BM-0010,2026-04-02,67,8,4998,20000,44.76
BM-0010,2026-05-02,64,11,2669,20000,34.67
BM-0010,2026-06-01,55,10,18672,20000,109.26
BM-0011,2026-03-03,58,47,10559,20000,31.32
BM-0011,2026-04-02,60,35,10122,20000,113.93
BM-0011,2026-05-02,62,31,2631,20000,51.73
BM-0011,2026-06-01,73,21,12282,20000,118.46
BM-0012,2026-03-03,34,37,18363,20000,134.14
BM-0012,2026-04-02,32,37,18932,20000,95.44
BM-0012,2026-05-02,26,42,16628,20000,31.31
BM-0012,2026-06-01,28,37,11453,20000,137.75
BM-0013,2026-03-03,35,7,14544,20000,138.85
BM-0013,2026-04-02,38,11,9469,20000,61.59
BM-0013,2026-05-02,43,14,1915,20000,113.02
BM-0013,2026-06-01,47,7,3296,20000,83.42
BM-0014,2026-03-03,54,47,19949,20000,123.78
BM-0014,2026-04-02,54,25,4834,20000,129.34
BM-0014,2026-05-02,54,55,13043,20000,28.51
BM-0014,2026-06-01,54,33,12543,20000,94.37
BM-0015,2026-03-03,51,18,14074,20000,77.09
BM-0015,2026-04-02,49,14,6106,20000,133.75
BM-0015,2026-05-02,43,23,16134,20000,36.58
BM-0015,2026-06-01,42,11,9892,20000,120.09
BM-0016,2026-03-03,36,2,4494,20000,88.45
BM-0016,2026-04-02,39,1,5624,20000,104.31
BM-0016,2026-05-02,40,1,7983,20000,136.11
BM-0016,2026-06-01,48,2,14910,20000,41.95
BM-0017,2026-03-03,45,9,6557,20000,59.08
BM-0017,2026-04-02,45,6,9433,20000,111.6
BM-0017,2026-05-02,45,9,6743,20000,114.56
BM-0017,2026-06-01,45,9,1909,20000,94.07
BM-0018,2026-03-03,85,40,17105,20000,120.95
BM-0018,2026-04-02,85,22,5453,20000,46.92
BM-0018,2026-05-02,85,44,3205,20000,133.14
BM-0018,2026-06-01,85,43,11655,20000,131.1
BM-0019,2026-03-03,56,35,7925,20000,61.43
BM-0019,2026-04-02,54,31,1123,20000,52.79
BM-0019,2026-05-02,52,46,11186,20000,113.3
BM-0019,2026-06-01,47,21,15681,20000,101.1
BM-0020,2026-03-03,38,6,2796,20000,14.43
BM-0020,2026-04-02,41,7,18183,20000,132.35
BM-0020,2026-05-02,48,3,9640,20000,42.42
BM-0020,2026-06-01,44,3,13956,20000,93.79
BM-0021,2026-03-03,69,19,16578,20000,88.38
BM-0021,2026-04-02,71,31,19043,20000,42.97
BM-0021,2026-05-02,75,23,251,20000,90.7
BM-0021,2026-06-01,78,30,6337,20000,97.04
