partner_id,reporting_month,monthly_sell_through_usd,inventory_units_on_hand,reorder_frequency_days,promo_spend_usd,shelf_share_pct,return_rate_pct,customer_satisfaction_pct
LOR-0000,2026-02-02,59358,980,21,7855.98,54.7,9.9,94.9
LOR-0000,2026-03-04,62325,2439,44,3519.42,37.2,7.2,75.9
LOR-0000,2026-04-03,65293,4982,28,6554.99,57.2,8.8,77.4
LOR-0000,2026-05-03,68261,4778,35,10029.71,57.0,6.7,75.6
LOR-0000,2026-06-02,71229,4585,88,6907.3,38.6,2.9,88.1
LOR-0000,2026-07-02,74197,2225,85,12512.67,24.6,10.0,86.6
LOR-0001,2026-02-02,129943,3513,65,19039.88,25.9,6.7,76.7
LOR-0001,2026-03-04,119547,3133,44,11830.9,33.4,4.4,96.9
LOR-0001,2026-04-03,109152,1788,74,14223.84,12.7,5.2,88.2
LOR-0001,2026-05-03,98756,2353,67,11112.19,42.6,4.1,85.1
LOR-0001,2026-06-02,88361,1299,26,9784.28,33.2,4.1,76.9
LOR-0001,2026-07-02,77965,4447,64,11183.67,57.7,11.6,95.5
LOR-0002,2026-02-02,137769,454,63,18921.69,47.8,10.9,72.8
LOR-0002,2026-03-04,136115,2852,39,24442.65,57.8,1.8,86.2
LOR-0002,2026-04-03,134462,468,48,18007.58,36.0,11.4,92.4
LOR-0002,2026-05-03,132809,1574,39,18586.66,51.3,1.8,73.5
LOR-0002,2026-06-02,131156,2394,31,19011.88,49.2,7.5,88.1
LOR-0002,2026-07-02,129502,2024,89,9430.35,24.8,10.9,92.9
LOR-0003,2026-02-02,113009,1271,58,11044.53,41.5,4.7,93.1
LOR-0003,2026-03-04,103968,2131,17,12929.33,29.1,7.3,74.8
LOR-0003,2026-04-03,94927,2308,42,15487.38,37.4,8.7,90.7
LOR-0003,2026-05-03,85886,1765,31,13212.29,43.8,3.6,70.7
LOR-0003,2026-06-02,76846,1097,69,8788.3,11.7,2.7,90.0
LOR-0003,2026-07-02,67805,3976,59,5476.05,54.3,7.4,95.4
LOR-0004,2026-02-02,181466,2523,38,16985.37,54.9,8.0,84.1
LOR-0004,2026-03-04,163319,3179,35,8009.26,46.8,11.7,77.5
LOR-0004,2026-04-03,145172,1692,71,15289.95,41.1,2.6,73.2
LOR-0004,2026-05-03,127026,604,51,18533.05,47.4,8.8,72.3
LOR-0004,2026-06-02,108879,4130,74,18749.43,36.3,8.4,93.7
LOR-0004,2026-07-02,90733,2767,80,11686.17,34.4,7.4,89.0
LOR-0005,2026-02-02,188424,4083,46,15685.06,59.9,3.8,71.1
LOR-0005,2026-03-04,197845,4588,84,15144.35,27.3,1.6,70.4
LOR-0005,2026-04-03,207266,2788,55,13971.63,56.8,9.9,84.9
LOR-0005,2026-05-03,216687,1507,27,32509.7,41.9,5.3,81.5
LOR-0005,2026-06-02,226108,1290,32,20544.55,32.6,9.3,95.4
LOR-0005,2026-07-02,235530,1222,58,37583.84,32.5,1.1,88.9
LOR-0006,2026-02-02,148588,3820,40,8592.97,15.8,11.9,96.2
LOR-0006,2026-03-04,148588,3549,78,26714.13,34.8,9.0,95.9
LOR-0006,2026-04-03,148588,3877,82,22940.67,57.8,10.9,91.3
LOR-0006,2026-05-03,148588,3228,83,23620.93,13.5,10.8,83.6
LOR-0006,2026-06-02,148588,4094,50,19321.47,46.2,5.1,87.9
LOR-0006,2026-07-02,148588,1116,17,11140.39,36.2,11.2,89.9
LOR-0007,2026-02-02,124429,1441,39,5232.78,10.8,1.7,79.4
LOR-0007,2026-03-04,118207,2078,45,19533.41,23.7,1.8,97.0
LOR-0007,2026-04-03,111986,539,47,18852.02,50.9,5.0,84.7
LOR-0007,2026-05-03,105764,4776,36,5831.36,22.6,1.1,92.7
LOR-0007,2026-06-02,99543,4360,83,10017.85,41.1,3.7,71.0
LOR-0007,2026-07-02,93321,1362,60,7212.9,10.2,11.0,76.8
LOR-0008,2026-02-02,127005,1390,41,11058.59,39.5,2.3,72.2
LOR-0008,2026-03-04,114304,903,44,4618.09,14.0,10.0,87.6
LOR-0008,2026-04-03,101604,1920,40,7352.59,51.4,11.5,86.3
LOR-0008,2026-05-03,88903,3621,82,12921.33,36.1,10.1,94.9
LOR-0008,2026-06-02,76203,1375,46,6899.9,19.8,6.3,89.5
LOR-0008,2026-07-02,63502,1254,50,6207.74,55.6,3.6,82.2
LOR-0009,2026-02-02,190453,3358,63,19478.38,38.6,2.3,77.6
LOR-0009,2026-03-04,180930,2344,33,15493.25,41.5,5.0,79.7
LOR-0009,2026-04-03,171407,1204,89,11454.87,36.1,9.9,72.9
LOR-0009,2026-05-03,161885,3468,74,22806.67,38.2,5.5,82.3
LOR-0009,2026-06-02,152362,4189,56,25914.56,26.0,7.8,76.7
LOR-0009,2026-07-02,142839,1617,43,17981.68,57.6,5.6,84.3
LOR-0010,2026-02-02,206893,3201,20,17128.09,59.0,8.6,95.1
LOR-0010,2026-03-04,217237,2443,44,15367.32,42.3,7.3,96.6
LOR-0010,2026-04-03,227582,3978,59,25652.02,44.9,6.1,84.6
LOR-0010,2026-05-03,237926,2661,58,40803.47,58.1,3.2,83.3
LOR-0010,2026-06-02,248271,1864,51,25148.93,35.7,1.9,83.5
LOR-0010,2026-07-02,258616,4777,68,21195.22,35.1,4.8,72.5
LOR-0011,2026-02-02,61441,4627,85,2733.5,44.1,8.4,93.8
LOR-0011,2026-03-04,56525,1541,35,2924.01,29.9,11.0,91.2
LOR-0011,2026-04-03,51610,2824,54,7713.4,46.3,8.2,79.6
LOR-0011,2026-05-03,46695,1724,71,3442.63,29.4,1.9,90.3
LOR-0011,2026-06-02,41779,555,19,4093.12,18.4,3.2,71.3
LOR-0011,2026-07-02,36864,1086,90,2197.97,20.4,1.9,92.0
LOR-0012,2026-02-02,43042,2971,17,6090.23,37.9,11.8,94.0
LOR-0012,2026-03-04,39598,4414,73,2650.05,20.0,4.4,94.7
LOR-0012,2026-04-03,36155,3089,64,5321.67,24.0,1.9,92.5
LOR-0012,2026-05-03,32711,4428,72,3006.09,30.3,7.0,97.8
LOR-0012,2026-06-02,29268,1420,26,2347.92,52.0,2.4,74.6
LOR-0012,2026-07-02,25825,2035,61,4389.79,36.4,3.7,74.7
LOR-0013,2026-02-02,104768,1277,64,14005.54,13.7,3.7,92.6
LOR-0013,2026-03-04,102148,2656,29,14058.18,44.2,3.7,79.5
LOR-0013,2026-04-03,99529,3652,42,4672.54,42.3,4.0,90.9
LOR-0013,2026-05-03,96910,3858,42,12389.31,10.4,3.5,85.0
LOR-0013,2026-06-02,94291,4239,47,13734.1,35.8,12.0,87.7
LOR-0013,2026-07-02,91672,3209,21,10837.44,11.9,8.1,78.9
LOR-0014,2026-02-02,115186,860,37,9676.14,51.0,8.8,77.4
LOR-0014,2026-03-04,105971,1271,27,12518.51,55.5,10.9,83.9
LOR-0014,2026-04-03,96756,2075,17,9024.07,19.1,5.1,73.9
LOR-0014,2026-05-03,87541,3349,38,14452.73,52.2,10.9,86.8
LOR-0014,2026-06-02,78326,855,43,5728.41,57.4,9.0,73.8
LOR-0014,2026-07-02,69111,257,76,6359.32,31.1,7.7,70.4
LOR-0015,2026-02-02,22754,645,39,2563.82,40.7,6.6,75.1
LOR-0015,2026-03-04,22754,4329,16,3271.56,13.8,1.3,83.7
LOR-0015,2026-04-03,22754,621,54,3375.92,50.2,7.7,95.1
LOR-0015,2026-05-03,22754,4317,19,2625.33,22.3,9.1,81.4
LOR-0015,2026-06-02,22754,656,23,2004.43,14.2,1.4,77.1
LOR-0015,2026-07-02,22754,852,28,3469.24,38.7,8.2,84.1
LOR-0016,2026-02-02,213121,558,76,22732.38,33.2,5.2,84.5
LOR-0016,2026-03-04,234433,1749,63,15147.61,41.7,9.3,74.2
LOR-0016,2026-04-03,255745,1928,21,20793.88,56.3,5.3,70.6
LOR-0016,2026-05-03,277057,3842,61,39743.51,54.9,7.6,93.4
LOR-0016,2026-06-02,298369,648,16,51219.28,54.4,4.6,73.6
LOR-0016,2026-07-02,319681,1980,71,14145.81,25.0,11.6,96.9
LOR-0017,2026-02-02,173113,2401,42,29456.2,32.3,10.5,76.2
LOR-0017,2026-03-04,173113,477,15,9440.02,40.1,1.6,70.2
LOR-0017,2026-04-03,173113,3752,45,11312.23,31.5,6.3,82.2
LOR-0017,2026-05-03,173113,626,72,7953.93,18.5,7.2,83.1
LOR-0017,2026-06-02,173113,3094,90,9511.05,59.6,3.2,75.2
LOR-0017,2026-07-02,173113,497,65,14660.28,26.4,8.8,79.3
LOR-0018,2026-02-02,123664,3486,28,21119.91,25.6,6.2,97.3
LOR-0018,2026-03-04,121190,3072,69,13106.85,24.6,8.4,79.7
LOR-0018,2026-04-03,118717,661,26,5367.07,32.6,7.7,83.4
LOR-0018,2026-05-03,116244,1933,16,5708.4,14.6,4.8,96.4
LOR-0018,2026-06-02,113770,2948,81,17422.99,42.5,2.1,92.8
LOR-0018,2026-07-02,111297,830,24,6120.56,28.7,7.3,75.3
LOR-0019,2026-02-02,84813,325,69,9056.31,54.6,8.2,85.2
LOR-0019,2026-03-04,83116,4052,55,11701.52,28.3,6.1,81.6
LOR-0019,2026-04-03,81420,991,71,4269.88,41.5,6.2,73.1
LOR-0019,2026-05-03,79724,391,36,5236.91,42.9,10.7,74.9
LOR-0019,2026-06-02,78027,858,60,3578.34,54.6,11.1,80.7
LOR-0019,2026-07-02,76331,1064,71,11069.74,29.6,4.9,81.7
LOR-0020,2026-02-02,109426,4174,67,14443.69,17.5,9.8,88.5
LOR-0020,2026-03-04,106690,1331,53,11989.9,59.9,6.1,89.9
LOR-0020,2026-04-03,103954,3578,81,15258.91,22.6,8.3,72.2
LOR-0020,2026-05-03,101219,3379,18,17235.2,57.1,5.4,72.1
LOR-0020,2026-06-02,98483,2742,73,17495.29,41.6,7.4,87.1
LOR-0020,2026-07-02,95747,2835,33,5359.48,55.3,3.6,92.6
LOR-0021,2026-02-02,99190,4684,58,15672.77,31.8,9.9,97.6
LOR-0021,2026-03-04,104149,3767,64,9726.41,49.0,4.9,93.4
LOR-0021,2026-04-03,109109,3706,42,17278.27,43.4,11.0,75.3
LOR-0021,2026-05-03,114068,2062,58,10436.9,20.7,9.2,75.2
LOR-0021,2026-06-02,119028,4053,44,10724.85,28.7,7.9,89.8
LOR-0021,2026-07-02,123987,3994,42,22200.31,27.5,3.7,78.8
