seller_id,reporting_month,monthly_gmv_usd,units_sold,avg_basket_size_usd,promo_spend_usd,spoilage_rate_pct,on_time_delivery_pct,return_rate_pct
GRO-0000,2026-02-02,178545,18407,45.33,27876.49,3.5,86.7,8.5
GRO-0000,2026-03-04,169617,11057,33.24,10115.93,2.9,96.0,4.3
GRO-0000,2026-04-03,160690,12513,59.5,16957.84,7.1,95.0,6.5
GRO-0000,2026-05-03,151763,18936,27.48,25904.97,4.2,81.1,9.0
GRO-0000,2026-06-02,142836,32168,29.44,27458.24,6.2,94.8,8.3
GRO-0000,2026-07-02,133908,23964,54.26,16955.68,4.0,93.0,2.3
GRO-0001,2026-02-02,210422,9748,109.31,18046.6,5.9,90.9,5.4
GRO-0001,2026-03-04,210422,21026,96.03,29003.23,4.4,85.2,6.8
GRO-0001,2026-04-03,210422,7379,92.51,31896.71,1.2,92.6,9.7
GRO-0001,2026-05-03,210422,1583,62.99,23783.78,5.2,80.6,3.8
GRO-0001,2026-06-02,210422,31386,116.72,14166.76,5.2,83.5,5.4
GRO-0001,2026-07-02,210422,12151,46.42,41657.88,3.5,91.4,4.9
GRO-0002,2026-02-02,200170,11765,30.19,14483.23,4.7,88.1,5.4
GRO-0002,2026-03-04,220187,35403,105.79,13959.88,1.9,83.3,4.5
GRO-0002,2026-04-03,240204,30635,80.73,24219.69,6.4,80.3,6.0
GRO-0002,2026-05-03,260221,36080,53.61,40025.21,1.4,91.7,9.8
GRO-0002,2026-06-02,280238,22349,24.82,48210.32,6.2,94.4,1.7
GRO-0002,2026-07-02,300255,9023,119.07,50668.54,5.8,95.0,9.6
GRO-0003,2026-02-02,71216,34344,117.0,4551.49,7.2,81.0,1.4
GRO-0003,2026-03-04,74776,39390,54.37,9695.67,1.5,80.4,7.3
GRO-0003,2026-04-03,78337,12904,43.64,15440.05,4.4,92.5,5.8
GRO-0003,2026-05-03,81898,19471,40.47,12355.27,3.2,84.3,7.4
GRO-0003,2026-06-02,85459,38874,81.7,13608.07,1.6,98.4,4.4
GRO-0003,2026-07-02,89020,18563,59.54,14719.45,2.3,91.2,7.3
GRO-0004,2026-02-02,133800,752,31.24,7108.11,5.8,87.8,5.0
GRO-0004,2026-03-04,147180,7307,16.39,27651.79,6.0,83.6,7.0
GRO-0004,2026-04-03,160560,28602,48.23,31989.82,6.8,81.4,4.3
GRO-0004,2026-05-03,173940,2119,77.4,24796.24,5.5,93.3,5.2
GRO-0004,2026-06-02,187320,14986,31.2,12693.93,4.1,95.3,6.9
GRO-0004,2026-07-02,200700,18068,95.14,21451.24,7.1,95.4,2.7
GRO-0005,2026-02-02,235851,5291,114.09,46571.49,2.6,91.1,9.1
GRO-0005,2026-03-04,216982,11240,35.21,15502.68,5.1,80.4,4.0
GRO-0005,2026-04-03,198114,19251,110.58,33957.58,5.8,90.1,3.1
GRO-0005,2026-05-03,179246,19531,15.96,9732.2,6.2,91.9,1.3
GRO-0005,2026-06-02,160378,2709,83.05,12205.35,1.9,88.0,1.3
GRO-0005,2026-07-02,141510,38223,44.7,24519.73,4.0,81.1,4.0
GRO-0006,2026-02-02,124253,8614,92.54,13518.35,6.6,84.2,7.0
GRO-0006,2026-03-04,114312,6130,66.41,11818.74,3.6,86.7,5.0
GRO-0006,2026-04-03,104372,5508,19.78,19947.1,4.9,93.1,6.5
GRO-0006,2026-05-03,94432,16377,55.33,15183.43,1.8,81.4,9.5
GRO-0006,2026-06-02,84492,16824,111.12,9697.21,6.7,81.8,2.8
GRO-0006,2026-07-02,74551,32371,61.02,8144.11,3.1,86.1,6.9
GRO-0007,2026-02-02,75684,8250,36.52,6592.32,3.0,81.7,3.2
GRO-0007,2026-03-04,83252,20359,72.87,16618.44,1.4,90.2,9.4
GRO-0007,2026-04-03,90820,16286,85.3,8069.74,7.1,82.5,1.1
GRO-0007,2026-05-03,98389,26390,107.43,17237.34,3.3,92.5,5.1
GRO-0007,2026-06-02,105957,27806,111.42,13098.46,7.7,96.6,1.5
GRO-0007,2026-07-02,113526,9687,118.31,14094.97,6.4,98.2,9.4
GRO-0008,2026-02-02,67375,8106,28.17,12292.07,2.6,81.2,8.7
GRO-0008,2026-03-04,67375,17570,92.72,8235.09,6.1,94.7,1.9
GRO-0008,2026-04-03,67375,10210,115.57,12319.64,5.7,87.7,7.0
GRO-0008,2026-05-03,67375,12190,93.17,5924.41,5.7,84.1,1.6
GRO-0008,2026-06-02,67375,35812,87.04,10901.88,4.5,80.9,1.6
GRO-0008,2026-07-02,67375,36050,104.38,7621.23,2.9,88.3,3.8
GRO-0009,2026-02-02,194517,6578,109.1,24473.26,4.8,89.8,6.6
GRO-0009,2026-03-04,190626,33598,27.27,27131.28,7.0,97.9,2.3
GRO-0009,2026-04-03,186736,34809,103.32,20555.46,1.8,91.5,3.0
GRO-0009,2026-05-03,182845,35670,70.11,29457.95,2.5,96.2,9.4
GRO-0009,2026-06-02,178955,12101,80.37,22775.84,7.2,90.3,8.1
GRO-0009,2026-07-02,175065,5507,119.78,26424.7,7.3,91.4,3.2
GRO-0010,2026-02-02,34839,13565,54.26,2188.78,3.7,85.7,6.8
GRO-0010,2026-03-04,36580,35523,22.74,4750.7,3.9,82.6,7.2
GRO-0010,2026-04-03,38322,5635,52.16,6687.37,3.5,95.1,4.6
GRO-0010,2026-05-03,40064,3754,63.19,2247.37,2.4,86.2,4.0
GRO-0010,2026-06-02,41806,7717,55.19,4923.8,7.6,96.0,1.7
GRO-0010,2026-07-02,43548,16766,40.87,7101.5,6.2,88.2,9.2
GRO-0011,2026-02-02,79330,36479,92.71,11132.47,7.8,85.0,3.5
GRO-0011,2026-03-04,77346,10296,111.73,7785.92,1.1,98.9,6.7
GRO-0011,2026-04-03,75363,6563,106.65,4103.32,7.6,94.9,8.8
GRO-0011,2026-05-03,73380,22986,73.48,9827.59,4.5,80.3,6.8
GRO-0011,2026-06-02,71397,25304,30.44,8181.37,7.5,89.0,9.5
GRO-0011,2026-07-02,69413,29026,35.19,3615.05,2.5,82.3,9.4
GRO-0012,2026-02-02,166731,21244,76.33,14612.85,7.4,81.7,8.0
GRO-0012,2026-03-04,162562,35345,24.91,29906.21,3.0,97.4,9.7
GRO-0012,2026-04-03,158394,29036,19.32,11253.7,6.4,89.0,1.9
GRO-0012,2026-05-03,154226,8617,47.57,19261.89,2.9,92.8,8.1
GRO-0012,2026-06-02,150057,21678,34.2,16945.04,1.7,98.5,1.7
GRO-0012,2026-07-02,145889,26592,24.31,24462.94,6.8,94.0,5.6
GRO-0013,2026-02-02,120651,34384,88.98,21332.63,7.5,83.8,1.7
GRO-0013,2026-03-04,108585,27561,107.39,20979.49,5.7,86.8,10.0
GRO-0013,2026-04-03,96520,30088,77.67,13482.13,4.5,92.0,10.0
GRO-0013,2026-05-03,84455,32725,102.36,11772.63,5.1,83.5,1.8
GRO-0013,2026-06-02,72390,9519,35.96,12406.59,4.5,92.3,7.3
GRO-0013,2026-07-02,60325,34174,89.62,4922.14,5.4,98.5,3.0
GRO-0014,2026-02-02,166366,18054,36.13,14718.3,2.5,88.4,6.5
GRO-0014,2026-03-04,163038,30966,94.8,9693.36,0.7,96.3,8.6
GRO-0014,2026-04-03,159711,6608,106.39,13115.01,6.5,92.2,6.3
GRO-0014,2026-05-03,156384,18237,70.47,21450.52,4.3,92.5,6.8
GRO-0014,2026-06-02,153056,15976,103.41,9409.37,6.0,91.9,7.0
GRO-0014,2026-07-02,149729,27699,98.9,19887.22,5.8,97.4,5.8
GRO-0015,2026-02-02,170370,8703,69.75,19858.36,1.9,83.5,1.2
GRO-0015,2026-03-04,153333,8462,63.39,7697.37,6.6,93.4,4.7
GRO-0015,2026-04-03,136296,15651,108.03,19730.2,6.9,89.7,9.7
GRO-0015,2026-05-03,119258,24440,44.82,13829.44,7.3,85.4,3.6
GRO-0015,2026-06-02,102222,12223,66.42,8187.65,3.0,83.6,5.8
GRO-0015,2026-07-02,85185,6695,108.13,9665.53,5.4,96.7,6.5
GRO-0016,2026-02-02,106871,35859,89.63,8371.73,7.7,88.5,9.9
GRO-0016,2026-03-04,117558,37982,97.8,20576.44,4.3,97.1,5.5
GRO-0016,2026-04-03,128245,36114,114.34,13070.1,7.6,91.9,5.8
GRO-0016,2026-05-03,138932,23060,34.25,17293.11,7.9,82.1,2.1
GRO-0016,2026-06-02,149619,34418,21.95,12063.42,5.9,84.9,8.2
GRO-0016,2026-07-02,160306,29223,98.46,15443.18,5.0,87.1,4.4
GRO-0017,2026-02-02,47893,35702,35.05,4441.38,2.4,97.5,1.7
GRO-0017,2026-03-04,47893,26662,39.67,4944.73,5.1,87.7,8.5
GRO-0017,2026-04-03,47893,2332,86.95,7201.07,7.0,95.6,1.4
GRO-0017,2026-05-03,47893,28529,59.02,5000.34,7.2,88.8,8.4
GRO-0017,2026-06-02,47893,1735,68.87,3163.61,3.7,83.0,9.1
GRO-0017,2026-07-02,47893,31914,40.96,3041.92,2.2,94.4,7.1
GRO-0018,2026-02-02,195501,39205,81.01,22841.9,1.5,90.5,6.6
GRO-0018,2026-03-04,175950,2107,58.09,31562.55,2.3,85.1,2.7
GRO-0018,2026-04-03,156400,6853,111.79,19051.74,4.8,91.4,9.0
GRO-0018,2026-05-03,136850,21420,83.25,21548.39,2.5,87.6,8.6
GRO-0018,2026-06-02,117300,33513,25.62,20526.97,1.3,81.5,8.0
GRO-0018,2026-07-02,97750,1744,93.28,13293.12,5.7,92.8,1.2
GRO-0019,2026-02-02,251439,13512,16.43,25951.59,3.6,88.2,9.4
GRO-0019,2026-03-04,245153,3463,94.23,19233.3,2.6,82.7,1.0
GRO-0019,2026-04-03,238867,36662,56.82,40392.59,5.2,83.8,8.3
GRO-0019,2026-05-03,232581,7139,63.11,34695.86,2.8,90.3,6.9
GRO-0019,2026-06-02,226295,11048,54.5,21276.94,6.9,81.6,8.2
GRO-0019,2026-07-02,220009,8747,49.5,16088.42,4.1,83.5,6.5
GRO-0020,2026-02-02,130223,16363,48.53,7224.62,3.8,86.1,9.1
GRO-0020,2026-03-04,128660,16507,114.96,7379.99,2.2,97.0,8.7
GRO-0020,2026-04-03,127097,2007,37.14,23986.41,7.6,86.4,1.8
GRO-0020,2026-05-03,125534,29647,90.12,11802.15,3.7,94.2,2.5
GRO-0020,2026-06-02,123972,30181,58.83,8734.1,0.5,92.3,8.8
GRO-0020,2026-07-02,122409,12738,49.47,14752.0,3.6,81.6,3.2
GRO-0021,2026-02-02,204658,13916,43.81,22978.14,2.7,87.1,7.2
GRO-0021,2026-03-04,202202,23230,97.69,21747.43,4.0,92.5,3.7
GRO-0021,2026-04-03,199746,15249,64.17,29147.92,5.4,95.9,9.1
GRO-0021,2026-05-03,197290,20636,53.75,34302.51,3.4,82.1,3.1
GRO-0021,2026-06-02,194834,7721,25.0,21883.76,5.4,89.3,1.1
GRO-0021,2026-07-02,192378,2843,87.52,17569.99,2.8,87.7,7.2
